Model,MAE,MSE,R2
Linear Regression,0.005198606853825395,4.915953219989396e-05,0.9990977927016126
LSTM,0.08390417573378259,0.011928922246833742,0.9970191634793089
